{
    "total_runtime": 103.48605704307556,
    "num_documents": 1,
    "input_load_time": 0,
    "workflows": {
        "create_base_text_units": {
            "overall": 0.2003333568572998,
            "0_orderby": 0.004621267318725586,
            "1_zip": 0.003358125686645508,
            "2_aggregate_override": 0.009189367294311523,
            "3_chunk": 0.13712191581726074,
            "4_select": 0.004618644714355469,
            "5_unroll": 0.007276296615600586,
            "6_rename": 0.0028586387634277344,
            "7_genid": 0.004496574401855469,
            "8_unzip": 0.0045812129974365234,
            "9_copy": 0.003076314926147461,
            "10_filter": 0.017394065856933594
        },
        "create_base_extracted_entities": {
            "overall": 72.79429078102112,
            "0_entity_extract": 72.778475522995,
            "1_merge_graphs": 0.012384414672851562
        },
        "create_summarized_entities": {
            "overall": 4.41579270362854,
            "0_summarize_descriptions": 4.411953926086426
        },
        "create_base_entity_graph": {
            "overall": 0.045006513595581055,
            "0_cluster_graph": 0.03716731071472168,
            "1_select": 0.004225730895996094
        },
        "create_final_entities": {
            "overall": 4.722635984420776,
            "0_unpack_graph": 0.015181541442871094,
            "1_rename": 0.007325172424316406,
            "2_select": 0.007707834243774414,
            "3_dedupe": 0.008409500122070312,
            "4_rename": 0.007254838943481445,
            "5_filter": 0.01731586456298828,
            "6_text_split": 0.009065866470336914,
            "7_drop": 0.007674694061279297,
            "8_merge": 0.05821394920349121,
            "9_text_embed": 4.5464842319488525,
            "10_drop": 0.009402990341186523,
            "11_filter": 0.02360248565673828
        },
        "create_final_nodes": {
            "overall": 0.22397518157958984,
            "0_layout_graph": 0.04822039604187012,
            "1_unpack_graph": 0.01972222328186035,
            "2_unpack_graph": 0.01842188835144043,
            "3_drop": 0.008228778839111328,
            "4_filter": 0.02086949348449707,
            "5_select": 0.010673999786376953,
            "6_rename": 0.011237859725952148,
            "7_convert": 0.03728842735290527,
            "8_join": 0.0304563045501709,
            "9_rename": 0.011240720748901367
        },
        "create_final_communities": {
            "overall": 0.340557336807251,
            "0_unpack_graph": 0.020748138427734375,
            "1_unpack_graph": 0.02484297752380371,
            "2_aggregate_override": 0.018532752990722656,
            "3_join": 0.024554729461669922,
            "4_join": 0.027323246002197266,
            "5_concat": 0.02025008201599121,
            "6_filter": 0.06889915466308594,
            "7_aggregate_override": 0.01843738555908203,
            "8_join": 0.019314050674438477,
            "9_filter": 0.031987905502319336,
            "10_fill": 0.011646270751953125,
            "11_merge": 0.015977144241333008,
            "12_copy": 0.014942407608032227,
            "13_select": 0.014821290969848633
        },
        "join_text_units_to_entity_ids": {
            "overall": 0.05593085289001465,
            "0_select": 0.012050151824951172,
            "1_unroll": 0.015990257263183594,
            "2_aggregate_override": 0.01623368263244629
        },
        "create_final_relationships": {
            "overall": 0.20287251472473145,
            "0_unpack_graph": 0.020778179168701172,
            "1_filter": 0.03403425216674805,
            "2_rename": 0.015594720840454102,
            "3_filter": 0.03420853614807129,
            "4_drop": 0.015514850616455078,
            "5_compute_edge_combined_degree": 0.020956754684448242,
            "6_convert": 0.03176736831665039,
            "7_convert": 0.019539833068847656
        },
        "join_text_units_to_relationship_ids": {
            "overall": 0.0843815803527832,
            "0_select": 0.015826702117919922,
            "1_unroll": 0.019269227981567383,
            "2_aggregate_override": 0.018488168716430664,
            "3_select": 0.01896190643310547
        },
        "create_final_community_reports": {
            "overall": 17.83428168296814,
            "0_prepare_community_reports_nodes": 0.02114129066467285,
            "1_prepare_community_reports_edges": 0.01748204231262207,
            "2_restore_community_hierarchy": 0.02092742919921875,
            "3_prepare_community_reports": 0.07390689849853516,
            "4_create_community_reports": 17.6696138381958,
            "5_window": 0.014621496200561523
        },
        "create_final_text_units": {
            "overall": 0.13067841529846191,
            "0_select": 0.01827383041381836,
            "1_rename": 0.016124248504638672,
            "2_join": 0.02211594581604004,
            "3_join": 0.02194070816040039,
            "4_aggregate_override": 0.018342971801757812,
            "5_select": 0.019257068634033203
        },
        "create_base_documents": {
            "overall": 0.2170259952545166,
            "0_unroll": 0.018747329711914062,
            "1_select": 0.035069942474365234,
            "2_rename": 0.018320798873901367,
            "3_join": 0.0202634334564209,
            "4_aggregate_override": 0.018326759338378906,
            "5_join": 0.025584697723388672,
            "6_rename": 0.020904064178466797,
            "7_convert": 0.04239511489868164
        },
        "create_final_documents": {
            "overall": 0.04045581817626953,
            "0_rename": 0.02151203155517578
        }
    }
}