{
    "total_runtime": 148.7235631942749,
    "num_documents": 1,
    "input_load_time": 0,
    "workflows": {
        "create_base_text_units": {
            "overall": 3.376155376434326,
            "0_orderby": 0.0048449039459228516,
            "1_zip": 0.003941774368286133,
            "2_aggregate_override": 0.009209156036376953,
            "3_chunk": 3.3099355697631836,
            "4_select": 0.0045931339263916016,
            "5_unroll": 0.007382392883300781,
            "6_rename": 0.004858493804931641,
            "7_genid": 0.0046689510345458984,
            "8_unzip": 0.005689859390258789,
            "9_copy": 0.003730297088623047,
            "10_filter": 0.015149593353271484
        },
        "create_base_extracted_entities": {
            "overall": 97.5867531299591,
            "0_entity_extract": 97.54684638977051,
            "1_merge_graphs": 0.03640031814575195
        },
        "create_summarized_entities": {
            "overall": 14.205929040908813,
            "0_summarize_descriptions": 14.202643394470215
        },
        "create_base_entity_graph": {
            "overall": 0.11805915832519531,
            "0_cluster_graph": 0.10912609100341797,
            "1_select": 0.005025148391723633
        },
        "create_final_entities": {
            "overall": 3.326418399810791,
            "0_unpack_graph": 0.0371861457824707,
            "1_rename": 0.00461578369140625,
            "2_select": 0.004873514175415039,
            "3_dedupe": 0.005477428436279297,
            "4_rename": 0.010420799255371094,
            "5_filter": 0.01941061019897461,
            "6_text_split": 0.01294398307800293,
            "7_drop": 0.0073697566986083984,
            "8_merge": 0.07190561294555664,
            "9_text_embed": 3.1210663318634033,
            "10_drop": 0.0060579776763916016,
            "11_filter": 0.020856618881225586
        },
        "create_final_nodes": {
            "overall": 0.3529338836669922,
            "0_layout_graph": 0.13922739028930664,
            "1_unpack_graph": 0.048587799072265625,
            "2_unpack_graph": 0.04524970054626465,
            "3_filter": 0.02414846420288086,
            "4_drop": 0.00856328010559082,
            "5_select": 0.010088443756103516,
            "6_rename": 0.009675264358520508,
            "7_join": 0.02295541763305664,
            "8_convert": 0.02807903289794922,
            "9_rename": 0.01040029525756836
        },
        "create_final_communities": {
            "overall": 0.3354487419128418,
            "0_unpack_graph": 0.04929208755493164,
            "1_unpack_graph": 0.04318428039550781,
            "2_aggregate_override": 0.022159099578857422,
            "3_join": 0.015502452850341797,
            "4_join": 0.016561508178710938,
            "5_concat": 0.012037038803100586,
            "6_filter": 0.053081512451171875,
            "7_aggregate_override": 0.014487743377685547,
            "8_join": 0.015505552291870117,
            "9_filter": 0.02790379524230957,
            "10_fill": 0.012837886810302734,
            "11_merge": 0.017595529556274414,
            "12_copy": 0.012468338012695312,
            "13_select": 0.013024568557739258
        },
        "join_text_units_to_entity_ids": {
            "overall": 0.05821514129638672,
            "0_select": 0.014486312866210938,
            "1_unroll": 0.01644158363342285,
            "2_aggregate_override": 0.015613317489624023
        },
        "create_final_relationships": {
            "overall": 0.23801445960998535,
            "0_unpack_graph": 0.05924558639526367,
            "1_filter": 0.03599262237548828,
            "2_rename": 0.013659477233886719,
            "3_filter": 0.035652875900268555,
            "4_drop": 0.014798879623413086,
            "5_compute_edge_combined_degree": 0.017433643341064453,
            "6_convert": 0.0335545539855957,
            "7_convert": 0.013645172119140625
        },
        "join_text_units_to_relationship_ids": {
            "overall": 0.09396028518676758,
            "0_select": 0.02237677574157715,
            "1_unroll": 0.027296781539916992,
            "2_aggregate_override": 0.017429590225219727,
            "3_select": 0.015949010848999023
        },
        "create_final_community_reports": {
            "overall": 26.436875581741333,
            "0_prepare_community_reports_nodes": 0.02451610565185547,
            "1_prepare_community_reports_edges": 0.019591331481933594,
            "2_restore_community_hierarchy": 0.018367767333984375,
            "3_prepare_community_reports": 0.1338644027709961,
            "4_create_community_reports": 26.192338228225708,
            "5_window": 0.033692121505737305
        },
        "create_final_text_units": {
            "overall": 0.1384587287902832,
            "0_select": 0.017386198043823242,
            "1_rename": 0.01883530616760254,
            "2_join": 0.023773670196533203,
            "3_join": 0.023714780807495117,
            "4_aggregate_override": 0.021213769912719727,
            "5_select": 0.018040895462036133
        },
        "create_base_documents": {
            "overall": 0.21035289764404297,
            "0_unroll": 0.017939090728759766,
            "1_select": 0.020139694213867188,
            "2_rename": 0.020635128021240234,
            "3_join": 0.023106098175048828,
            "4_aggregate_override": 0.021111249923706055,
            "5_join": 0.0314028263092041,
            "6_rename": 0.018751859664916992,
            "7_convert": 0.04115462303161621
        },
        "create_final_documents": {
            "overall": 0.033716440200805664,
            "0_rename": 0.017887592315673828
        }
    }
}